Pantalla,Tipo,X,Y,Ancho,Alto,Texto,Tamano,Color
C-P01,rect,0,0,390,844,,,#F5F7F3
C-P01,rect,0,0,390,92,,,#18312F
C-P01,text,24,30,,,COMEDOR UNIVERSITARIO · DEMOSTRACIÓN,12,white
C-P01,text,24,65,,,"Tu almuerzo, a tiempo",25,white
C-P01,text,24,120,,,,14,#50635F
C-P01,text,24,818,,,C-P01 · Datos referenciales · Sin cobros reales,12,#50635F
C-P01,text,24,174,,,Compra tu ticket del día,25,#18312F
C-P01,text,24,215,,,Elige tu menú y revisa el total,17,#18312F
C-P01,text,24,240,,,antes de autorizar el pago.,17,#18312F
C-P01,rect,24,280,342,150,,,white
C-P01,text,44,316,,,HOY · 26 SEPTIEMBRE 2026,14,#50635F
C-P01,text,44,352,,,Regular · Vegetariano · Dieta,17,#18312F
C-P01,text,44,392,,,Precio de prueba: S/ 5.00,16,#18312F
C-P01,rect,24,480,342,48,,,#176B50
C-P01,text,38,510,,,Ver menús de hoy,15,white
C-P01,text,24,578,,,"Si ya compraste, recuperaremos",16,#50635F
C-P01,text,24,602,,,tu ticket al ingresar.,16,#50635F
C-P02,rect,0,0,390,844,,,#F5F7F3
C-P02,rect,0,0,390,92,,,#18312F
C-P02,text,24,30,,,COMEDOR UNIVERSITARIO · DEMOSTRACIÓN,12,white
C-P02,text,24,65,,,Menús de hoy,25,white
C-P02,text,24,120,,,1 Elegir  /  2 Revisar  /  3 Pagar,14,#50635F
C-P02,text,24,818,,,C-P02 · Datos referenciales · Sin cobros reales,12,#50635F
C-P02,rect,24,146,342,176,,,white
C-P02,text,40,176,,,Regular,22,#18312F
C-P02,text,40,203,,,"Pollo, arroz y ensalada",15,#18312F
C-P02,text,40,230,,,Disponible · S/ 5.00,15,#176B50
C-P02,rect,40,256,145,48,,,white
C-P02,text,54,286,,,Ver detalle,15,#176B50
C-P02,rect,197,256,153,48,,,#176B50
C-P02,text,211,286,,,Elegir,15,white
C-P02,rect,24,334,342,176,,,white
C-P02,text,40,364,,,Vegetariano,22,#18312F
C-P02,text,40,391,,,"Lentejas, arroz y verduras",15,#18312F
C-P02,text,40,418,,,Disponible · S/ 5.00,15,#176B50
C-P02,rect,40,444,145,48,,,white
C-P02,text,54,474,,,Ver detalle,15,#176B50
C-P02,rect,197,444,153,48,,,#176B50
C-P02,text,211,474,,,Elegir,15,white
C-P02,rect,24,522,342,176,,,white
C-P02,text,40,552,,,Dieta,22,#18312F
C-P02,text,40,579,,,Pollo al vapor y verduras,15,#18312F
C-P02,text,40,606,,,Disponible · S/ 5.00,15,#176B50
C-P02,rect,40,632,145,48,,,white
C-P02,text,54,662,,,Ver detalle,15,#176B50
C-P02,rect,197,632,153,48,,,#176B50
C-P02,text,211,662,,,Elegir,15,white
C-P02,rect,24,736,342,48,,,white
C-P02,text,38,766,,,Volver al inicio,15,#176B50
C-P03,rect,0,0,390,844,,,#F5F7F3
C-P03,rect,0,0,390,92,,,#18312F
C-P03,text,24,30,,,COMEDOR UNIVERSITARIO · DEMOSTRACIÓN,12,white
C-P03,text,24,65,,,Detalle del menú,25,white
C-P03,text,24,120,,,1 Elegir  /  2 Revisar  /  3 Pagar,14,#50635F
C-P03,text,24,818,,,C-P03 · Datos referenciales · Sin cobros reales,12,#50635F
C-P03,rect,24,154,342,294,,,white
C-P03,text,44,194,,,Vegetariano,26,#18312F
C-P03,text,44,236,,,"Lentejas, arroz y verduras",17,#18312F
C-P03,text,44,280,,,Disponible hoy,17,#176B50
C-P03,text,44,322,,,S/ 5.00,32,#18312F
C-P03,text,44,365,,,Fecha: 26/09/2026,15,#50635F
C-P03,text,44,388,,,Descripción de demostración.,15,#50635F
C-P03,text,24,493,,,Revisa la descripción antes,17,#18312F
C-P03,text,24,518,,,de seleccionar tu almuerzo.,17,#18312F
C-P03,rect,24,586,342,48,,,#176B50
C-P03,text,38,616,,,Seleccionar este menú,15,white
C-P03,rect,24,648,342,48,,,white
C-P03,text,38,678,,,Volver a los menús,15,#176B50
C-P04,rect,0,0,390,844,,,#F5F7F3
C-P04,rect,0,0,390,92,,,#18312F
C-P04,text,24,30,,,COMEDOR UNIVERSITARIO · DEMOSTRACIÓN,12,white
C-P04,text,24,65,,,Revisa tu compra,25,white
C-P04,text,24,120,,,1 Elegir  /  2 Revisar  /  3 Pagar,14,#50635F
C-P04,text,24,818,,,C-P04 · Datos referenciales · Sin cobros reales,12,#50635F
C-P04,rect,24,150,342,206,,,white
C-P04,text,44,184,,,TU SELECCIÓN,13,#50635F
C-P04,text,44,224,,,Vegetariano,25,#18312F
C-P04,text,44,263,,,Almuerzo · 26/09/2026,16,#18312F
C-P04,text,44,322,,,Total: S/ 5.00,25,#18312F
C-P04,text,24,398,,,Billetera para pagar,18,#18312F
C-P04,rect,24,418,166,48,,,white
C-P04,text,38,448,,,A · Seleccionada,15,#176B50
C-P04,rect,200,418,166,48,,,white
C-P04,text,214,448,,,B · Elegir,15,#176B50
C-P04,text,24,505,,,"Revisa menú, fecha y total.",15,#50635F
C-P04,text,24,528,,,Autorizarás el pago en el paso siguiente.,15,#50635F
C-P04,rect,24,576,342,48,,,#176B50
C-P04,text,38,606,,,Continuar al pago,15,white
C-P04,rect,24,638,342,48,,,white
C-P04,text,38,668,,,Cambiar menú,15,#176B50
C-P04,rect,24,700,342,48,,,white
C-P04,text,38,730,,,Cancelar compra,15,#176B50
C-P05,rect,0,0,390,844,,,#F5F7F3
C-P05,rect,0,0,390,92,,,#18312F
C-P05,text,24,30,,,COMEDOR UNIVERSITARIO · DEMOSTRACIÓN,12,white
C-P05,text,24,65,,,Autorizar pago,25,white
C-P05,text,24,120,,,3 Pagar · Billetera de demostración,14,#50635F
C-P05,text,24,818,,,C-P05 · Datos referenciales · Sin cobros reales,12,#50635F
C-P05,rect,24,162,342,246,,,white
C-P05,text,44,201,,,BILLETERA A,14,#50635F
C-P05,text,44,245,,,Comedor universitario,21,#18312F
C-P05,text,44,291,,,Vegetariano · 26/09/2026,16,#18312F
C-P05,text,44,351,,,S/ 5.00,34,#18312F
C-P05,text,24,458,,,Esta pantalla simula la autorización.,15,#50635F
C-P05,text,24,481,,,No solicita claves ni mueve dinero.,15,#50635F
C-P05,rect,24,558,342,48,,,#176B50
C-P05,text,38,588,,,Autorizar S/ 5.00,15,white
C-P05,rect,24,620,342,48,,,white
C-P05,text,38,650,,,Volver sin autorizar,15,#176B50
C-P06,rect,0,0,390,844,,,#F5F7F3
C-P06,rect,0,0,390,92,,,#18312F
C-P06,text,24,30,,,COMEDOR UNIVERSITARIO · DEMOSTRACIÓN,12,white
C-P06,text,24,65,,,Validando pago,25,white
C-P06,text,24,120,,,3 Pagar · Operación en curso,14,#50635F
C-P06,text,24,818,,,C-P06 · Datos referenciales · Sin cobros reales,12,#50635F
C-P06,rect,24,165,342,296,,,white
C-P06,text,44,210,,,…,42,#176B50
C-P06,text,44,265,,,Estamos verificando,24,#18312F
C-P06,text,44,308,,,Vegetariano · S/ 5.00,17,#18312F
C-P06,text,44,352,,,Operación: DEMO-C-001,16,#18312F
C-P06,text,44,396,,,No necesitas volver a pagar.,16,#50635F
C-P06,text,24,510,,,Conservamos tu selección,17,#18312F
C-P06,text,24,535,,,mientras llega la respuesta.,17,#18312F
C-P07,rect,0,0,390,844,,,#F5F7F3
C-P07,rect,0,0,390,92,,,#18312F
C-P07,text,24,30,,,COMEDOR UNIVERSITARIO · DEMOSTRACIÓN,12,white
C-P07,text,24,65,,,Tu ticket está listo,25,white
C-P07,text,24,120,,,Compra confirmada,14,#50635F
C-P07,text,24,818,,,C-P07 · Datos referenciales · Sin cobros reales,12,#50635F
C-P07,rect,24,150,342,452,,,white
C-P07,text,44,190,,,✓ PAGADO,21,#176B50
C-P07,text,44,232,,,Vegetariano,25,#18312F
C-P07,text,44,270,,,26/09/2026 · Total S/ 5.00,16,#18312F
C-P07,text,44,308,,,Ticket: DEMO-C-001,16,#18312F
C-P07,rect,0,0,130,130,,,
C-P07,rect,0,0,90.70866141732284,90.70866141732284,,,
C-P07,rect,10.994989262705799,76.96492483894059,19.241231209735147,2.7487473156764537,,,
C-P07,rect,32.984967788117395,76.96492483894059,2.7487473156764466,2.7487473156764537,,,
C-P07,rect,38.482462419470295,76.96492483894059,8.246241947029347,2.7487473156764537,,,
C-P07,rect,60.472440944881896,76.96492483894059,19.241231209735147,2.7487473156764537,,,
C-P07,rect,10.994989262705799,74.21617752326415,2.74874731567645,2.7487473156764537,,,
C-P07,rect,27.487473156764498,74.21617752326415,2.74874731567645,2.7487473156764537,,,
C-P07,rect,32.984967788117395,74.21617752326415,8.246241947029347,2.7487473156764537,,,
C-P07,rect,49.477451682176095,74.21617752326415,2.7487473156764466,2.7487473156764537,,,
C-P07,rect,54.974946313528996,74.21617752326415,2.7487473156764466,2.7487473156764537,,,
C-P07,rect,60.472440944881896,74.21617752326415,2.7487473156764466,2.7487473156764537,,,
C-P07,rect,76.96492483894059,74.21617752326415,2.7487473156764537,2.7487473156764537,,,
C-P07,rect,10.994989262705799,71.4674302075877,2.74874731567645,2.7487473156764537,,,
C-P07,rect,16.492483894058697,71.4674302075877,8.24624194702935,2.7487473156764537,,,
C-P07,rect,27.487473156764498,71.4674302075877,2.74874731567645,2.7487473156764537,,,
C-P07,rect,38.482462419470295,71.4674302075877,2.7487473156764466,2.7487473156764537,,,
C-P07,rect,43.979957050823195,71.4674302075877,13.743736578382247,2.7487473156764537,,,
C-P07,rect,60.472440944881896,71.4674302075877,2.7487473156764466,2.7487473156764537,,,
C-P07,rect,65.96993557623479,71.4674302075877,8.246241947029347,2.7487473156764537,,,
C-P07,rect,76.96492483894059,71.4674302075877,2.7487473156764537,2.7487473156764537,,,
C-P07,rect,10.994989262705799,68.71868289191124,2.74874731567645,2.7487473156764537,,,
C-P07,rect,16.492483894058697,68.71868289191124,8.24624194702935,2.7487473156764537,,,
C-P07,rect,27.487473156764498,68.71868289191124,2.74874731567645,2.7487473156764537,,,
C-P07,rect,38.482462419470295,68.71868289191124,8.246241947029347,2.7487473156764537,,,
C-P07,rect,49.477451682176095,68.71868289191124,2.7487473156764466,2.7487473156764537,,,
C-P07,rect,54.974946313528996,68.71868289191124,2.7487473156764466,2.7487473156764537,,,
C-P07,rect,60.472440944881896,68.71868289191124,2.7487473156764466,2.7487473156764537,,,
C-P07,rect,65.96993557623479,68.71868289191124,8.246241947029347,2.7487473156764537,,,
C-P07,rect,76.96492483894059,68.71868289191124,2.7487473156764537,2.7487473156764537,,,
C-P07,rect,10.994989262705799,65.9699355762348,2.74874731567645,2.7487473156764537,,,
C-P07,rect,16.492483894058697,65.9699355762348,8.24624194702935,2.7487473156764537,,,
C-P07,rect,27.487473156764498,65.9699355762348,2.74874731567645,2.7487473156764537,,,
C-P07,rect,32.984967788117395,65.9699355762348,10.9949892627058,2.7487473156764537,,,
C-P07,rect,46.72870436649964,65.9699355762348,2.7487473156764466,2.7487473156764537,,,
C-P07,rect,54.974946313528996,65.9699355762348,2.7487473156764466,2.7487473156764537,,,
C-P07,rect,60.472440944881896,65.9699355762348,2.7487473156764466,2.7487473156764537,,,
C-P07,rect,65.96993557623479,65.9699355762348,8.246241947029347,2.7487473156764537,,,
C-P07,rect,76.96492483894059,65.9699355762348,2.7487473156764537,2.7487473156764537,,,
C-P07,rect,10.994989262705799,63.22118826055835,2.74874731567645,2.7487473156764537,,,
C-P07,rect,27.487473156764498,63.22118826055835,2.74874731567645,2.7487473156764537,,,
C-P07,rect,32.984967788117395,63.22118826055835,2.7487473156764466,2.7487473156764537,,,
C-P07,rect,43.979957050823195,63.22118826055835,5.4974946313529,2.7487473156764537,,,
C-P07,rect,60.472440944881896,63.22118826055835,2.7487473156764466,2.7487473156764537,,,
C-P07,rect,76.96492483894059,63.22118826055835,2.7487473156764537,2.7487473156764537,,,
C-P07,rect,10.994989262705799,60.472440944881896,19.241231209735147,2.7487473156764466,,,
C-P07,rect,32.984967788117395,60.472440944881896,2.7487473156764466,2.7487473156764466,,,
C-P07,rect,38.482462419470295,60.472440944881896,2.7487473156764466,2.7487473156764466,,,
C-P07,rect,43.979957050823195,60.472440944881896,2.7487473156764466,2.7487473156764466,,,
C-P07,rect,49.477451682176095,60.472440944881896,2.7487473156764466,2.7487473156764466,,,
C-P07,rect,54.974946313528996,60.472440944881896,2.7487473156764466,2.7487473156764466,,,
C-P07,rect,60.472440944881896,60.472440944881896,19.241231209735147,2.7487473156764466,,,
C-P07,rect,32.984967788117395,57.72369362920545,2.7487473156764466,2.7487473156764466,,,
C-P07,rect,38.482462419470295,57.72369362920545,2.7487473156764466,2.7487473156764466,,,
C-P07,rect,43.979957050823195,57.72369362920545,2.7487473156764466,2.7487473156764466,,,
C-P07,rect,49.477451682176095,57.72369362920545,2.7487473156764466,2.7487473156764466,,,
C-P07,rect,10.994989262705799,54.974946313528996,8.246241947029349,2.7487473156764466,,,
C-P07,rect,24.738725841088048,54.974946313528996,5.4974946313529,2.7487473156764466,,,
C-P07,rect,32.984967788117395,54.974946313528996,16.4924838940587,2.7487473156764466,,,
C-P07,rect,52.22619899785254,54.974946313528996,2.7487473156764466,2.7487473156764466,,,
C-P07,rect,57.72369362920544,54.974946313528996,10.9949892627058,2.7487473156764466,,,
C-P07,rect,74.21617752326414,54.974946313528996,5.497494631352893,2.7487473156764466,,,
C-P07,rect,13.743736578382249,52.22619899785255,2.7487473156764484,2.7487473156764466,,,
C-P07,rect,30.236220472440948,52.22619899785255,10.9949892627058,2.7487473156764466,,,
C-P07,rect,43.979957050823195,52.22619899785255,5.4974946313529,2.7487473156764466,,,
C-P07,rect,52.22619899785254,52.22619899785255,2.7487473156764466,2.7487473156764466,,,
C-P07,rect,63.22118826055834,52.22619899785255,2.7487473156764466,2.7487473156764466,,,
C-P07,rect,68.71868289191124,52.22619899785255,5.497494631352893,2.7487473156764466,,,
C-P07,rect,10.994989262705799,49.477451682176095,2.74874731567645,2.7487473156764466,,,
C-P07,rect,16.492483894058697,49.477451682176095,5.4974946313529,2.7487473156764466,,,
C-P07,rect,27.487473156764498,49.477451682176095,8.24624194702935,2.7487473156764466,,,
C-P07,rect,41.23120973514675,49.477451682176095,16.492483894058694,2.7487473156764466,,,
C-P07,rect,60.472440944881896,49.477451682176095,2.7487473156764466,2.7487473156764466,,,
C-P07,rect,71.4674302075877,49.477451682176095,2.7487473156764537,2.7487473156764466,,,
C-P07,rect,76.96492483894059,49.477451682176095,2.7487473156764537,2.7487473156764466,,,
C-P07,rect,16.492483894058697,46.72870436649965,8.24624194702935,2.7487473156764466,,,
C-P07,rect,30.236220472440948,46.72870436649965,8.246241947029347,2.7487473156764466,,,
C-P07,rect,43.979957050823195,46.72870436649965,2.7487473156764466,2.7487473156764466,,,
C-P07,rect,49.477451682176095,46.72870436649965,2.7487473156764466,2.7487473156764466,,,
C-P07,rect,57.72369362920544,46.72870436649965,2.7487473156764466,2.7487473156764466,,,
C-P07,rect,65.96993557623479,46.72870436649965,5.497494631352893,2.7487473156764466,,,
C-P07,rect,74.21617752326414,46.72870436649965,2.7487473156764537,2.7487473156764466,,,
C-P07,rect,10.994989262705799,43.9799570508232,2.74874731567645,2.7487473156764466,,,
C-P07,rect,19.241231209735147,43.9799570508232,2.74874731567645,2.7487473156764466,,,
C-P07,rect,24.738725841088048,43.9799570508232,13.743736578382247,2.7487473156764466,,,
C-P07,rect,41.23120973514675,43.9799570508232,8.246241947029347,2.7487473156764466,,,
C-P07,rect,52.22619899785254,43.9799570508232,2.7487473156764466,2.7487473156764466,,,
C-P07,rect,60.472440944881896,43.9799570508232,13.743736578382254,2.7487473156764466,,,
C-P07,rect,76.96492483894059,43.9799570508232,2.7487473156764537,2.7487473156764466,,,
C-P07,rect,16.492483894058697,41.23120973514675,2.74874731567645,2.7487473156764466,,,
C-P07,rect,24.738725841088048,41.23120973514675,2.74874731567645,2.7487473156764466,,,
C-P07,rect,30.236220472440948,41.23120973514675,2.7487473156764466,2.7487473156764466,,,
C-P07,rect,43.979957050823195,41.23120973514675,5.4974946313529,2.7487473156764466,,,
C-P07,rect,52.22619899785254,41.23120973514675,2.7487473156764466,2.7487473156764466,,,
C-P07,rect,57.72369362920544,41.23120973514675,2.7487473156764466,2.7487473156764466,,,
C-P07,rect,63.22118826055834,41.23120973514675,2.7487473156764466,2.7487473156764466,,,
C-P07,rect,68.71868289191124,41.23120973514675,5.497494631352893,2.7487473156764466,,,
C-P07,rect,10.994989262705799,38.4824624194703,8.246241947029349,2.7487473156764466,,,
C-P07,rect,24.738725841088048,38.4824624194703,13.743736578382247,2.7487473156764466,,,
C-P07,rect,41.23120973514675,38.4824624194703,2.7487473156764466,2.7487473156764466,,,
C-P07,rect,52.22619899785254,38.4824624194703,2.7487473156764466,2.7487473156764466,,,
C-P07,rect,60.472440944881896,38.4824624194703,2.7487473156764466,2.7487473156764466,,,
C-P07,rect,76.96492483894059,38.4824624194703,2.7487473156764537,2.7487473156764466,,,
C-P07,rect,19.241231209735147,35.73371510379385,8.246241947029347,2.7487473156764466,,,
C-P07,rect,30.236220472440948,35.73371510379385,2.7487473156764466,2.7487473156764466,,,
C-P07,rect,35.73371510379385,35.73371510379385,2.7487473156764466,2.7487473156764466,,,
C-P07,rect,54.974946313528996,35.73371510379385,2.7487473156764466,2.7487473156764466,,,
C-P07,rect,68.71868289191124,35.73371510379385,2.7487473156764537,2.7487473156764466,,,
C-P07,rect,10.994989262705799,32.9849677881174,5.4974946313528985,2.7487473156764466,,,
C-P07,rect,19.241231209735147,32.9849677881174,2.74874731567645,2.7487473156764466,,,
C-P07,rect,24.738725841088048,32.9849677881174,8.246241947029347,2.7487473156764466,,,
C-P07,rect,38.482462419470295,32.9849677881174,2.7487473156764466,2.7487473156764466,,,
C-P07,rect,43.979957050823195,32.9849677881174,2.7487473156764466,2.7487473156764466,,,
C-P07,rect,49.477451682176095,32.9849677881174,2.7487473156764466,2.7487473156764466,,,
C-P07,rect,54.974946313528996,32.9849677881174,13.743736578382247,2.7487473156764466,,,
C-P07,rect,76.96492483894059,32.9849677881174,2.7487473156764537,2.7487473156764466,,,
C-P07,rect,32.984967788117395,30.236220472440948,2.7487473156764466,2.7487473156764466,,,
C-P07,rect,38.482462419470295,30.236220472440948,2.7487473156764466,2.7487473156764466,,,
C-P07,rect,43.979957050823195,30.236220472440948,5.4974946313529,2.7487473156764466,,,
C-P07,rect,54.974946313528996,30.236220472440948,2.7487473156764466,2.7487473156764466,,,
C-P07,rect,65.96993557623479,30.236220472440948,8.246241947029347,2.7487473156764466,,,
C-P07,rect,10.994989262705799,27.4874731567645,19.241231209735147,2.74874731567645,,,
C-P07,rect,41.23120973514675,27.4874731567645,8.246241947029347,2.74874731567645,,,
C-P07,rect,54.974946313528996,27.4874731567645,2.7487473156764466,2.74874731567645,,,
C-P07,rect,60.472440944881896,27.4874731567645,2.7487473156764466,2.74874731567645,,,
C-P07,rect,65.96993557623479,27.4874731567645,8.246241947029347,2.74874731567645,,,
C-P07,rect,76.96492483894059,27.4874731567645,2.7487473156764537,2.74874731567645,,,
C-P07,rect,10.994989262705799,24.738725841088055,2.74874731567645,2.74874731567645,,,
C-P07,rect,27.487473156764498,24.738725841088055,2.74874731567645,2.74874731567645,,,
C-P07,rect,32.984967788117395,24.738725841088055,2.7487473156764466,2.74874731567645,,,
C-P07,rect,38.482462419470295,24.738725841088055,2.7487473156764466,2.74874731567645,,,
C-P07,rect,43.979957050823195,24.738725841088055,2.7487473156764466,2.74874731567645,,,
C-P07,rect,49.477451682176095,24.738725841088055,2.7487473156764466,2.74874731567645,,,
C-P07,rect,54.974946313528996,24.738725841088055,2.7487473156764466,2.74874731567645,,,
C-P07,rect,65.96993557623479,24.738725841088055,5.497494631352893,2.74874731567645,,,
C-P07,rect,74.21617752326414,24.738725841088055,2.7487473156764537,2.74874731567645,,,
C-P07,rect,10.994989262705799,21.9899785254116,2.74874731567645,2.74874731567645,,,
C-P07,rect,16.492483894058697,21.9899785254116,8.24624194702935,2.74874731567645,,,
C-P07,rect,27.487473156764498,21.9899785254116,2.74874731567645,2.74874731567645,,,
C-P07,rect,43.979957050823195,21.9899785254116,5.4974946313529,2.74874731567645,,,
C-P07,rect,52.22619899785254,21.9899785254116,16.4924838940587,2.74874731567645,,,
C-P07,rect,71.4674302075877,21.9899785254116,2.7487473156764537,2.74874731567645,,,
C-P07,rect,10.994989262705799,19.241231209735147,2.74874731567645,2.74874731567645,,,
C-P07,rect,16.492483894058697,19.241231209735147,8.24624194702935,2.74874731567645,,,
C-P07,rect,27.487473156764498,19.241231209735147,2.74874731567645,2.74874731567645,,,
C-P07,rect,35.73371510379385,19.241231209735147,2.7487473156764466,2.74874731567645,,,
C-P07,rect,43.979957050823195,19.241231209735147,2.7487473156764466,2.74874731567645,,,
C-P07,rect,49.477451682176095,19.241231209735147,8.246241947029347,2.74874731567645,,,
C-P07,rect,68.71868289191124,19.241231209735147,2.7487473156764537,2.74874731567645,,,
C-P07,rect,74.21617752326414,19.241231209735147,2.7487473156764537,2.74874731567645,,,
C-P07,rect,10.994989262705799,16.492483894058708,2.74874731567645,2.74874731567645,,,
C-P07,rect,16.492483894058697,16.492483894058708,8.24624194702935,2.74874731567645,,,
C-P07,rect,27.487473156764498,16.492483894058708,2.74874731567645,2.74874731567645,,,
C-P07,rect,32.984967788117395,16.492483894058708,10.9949892627058,2.74874731567645,,,
C-P07,rect,52.22619899785254,16.492483894058708,8.246241947029347,2.74874731567645,,,
C-P07,rect,65.96993557623479,16.492483894058708,13.743736578382254,2.74874731567645,,,
C-P07,rect,10.994989262705799,13.743736578382254,2.74874731567645,2.74874731567645,,,
C-P07,rect,27.487473156764498,13.743736578382254,2.74874731567645,2.74874731567645,,,
C-P07,rect,32.984967788117395,13.743736578382254,5.4974946313529,2.74874731567645,,,
C-P07,rect,57.72369362920544,13.743736578382254,8.246241947029347,2.74874731567645,,,
C-P07,rect,68.71868289191124,13.743736578382254,2.7487473156764537,2.74874731567645,,,
C-P07,rect,10.994989262705799,10.9949892627058,19.241231209735147,2.74874731567645,,,
C-P07,rect,32.984967788117395,10.9949892627058,2.7487473156764466,2.74874731567645,,,
C-P07,rect,38.482462419470295,10.9949892627058,10.9949892627058,2.74874731567645,,,
C-P07,rect,54.974946313528996,10.9949892627058,2.7487473156764466,2.74874731567645,,,
C-P07,rect,60.472440944881896,10.9949892627058,5.497494631352893,2.74874731567645,,,
C-P07,rect,68.71868289191124,10.9949892627058,5.497494631352893,2.74874731567645,,,
C-P07,rect,76.96492483894059,10.9949892627058,2.7487473156764537,2.74874731567645,,,
C-P07,text,44,498,,,"QR de demostración, sin validez.",15,#50635F
C-P07,text,44,535,,,Presenta aquí tu ticket del día.,16,#18312F
C-P07,rect,24,632,342,48,,,#176B50
C-P07,text,38,662,,,Guardar comprobante demo,15,white
C-P07,rect,24,694,342,48,,,white
C-P07,text,38,724,,,Volver al inicio,15,#176B50
C-P08,rect,0,0,390,844,,,#F5F7F3
C-P08,rect,0,0,390,92,,,#18312F
C-P08,text,24,30,,,COMEDOR UNIVERSITARIO · DEMOSTRACIÓN,12,white
C-P08,text,24,65,,,Menú agotado,25,white
C-P08,text,24,120,,,Disponibilidad actualizada,14,#50635F
C-P08,text,24,818,,,C-P08 · Datos referenciales · Sin cobros reales,12,#50635F
C-P08,rect,24,158,342,330,,,white
C-P08,text,44,205,,,!,36,#795600
C-P08,text,44,255,,,El menú elegido se agotó.,22,#18312F
C-P08,text,44,352,,,No se inició ningún pago.,16,#18312F
C-P08,text,44,376,,,Elige otra opción disponible.,16,#18312F
C-P08,text,24,540,,,Selección: Vegetariano · S/ 5.00,16,#18312F
C-P08,rect,24,592,342,48,,,#176B50
C-P08,text,38,622,,,Elegir otro menú,15,white
C-P09,rect,0,0,390,844,,,#F5F7F3
C-P09,rect,0,0,390,92,,,#18312F
C-P09,text,24,30,,,COMEDOR UNIVERSITARIO · DEMOSTRACIÓN,12,white
C-P09,text,24,65,,,Pago rechazado,25,white
C-P09,text,24,120,,,Respuesta confirmada,14,#50635F
C-P09,text,24,818,,,C-P09 · Datos referenciales · Sin cobros reales,12,#50635F
C-P09,rect,24,158,342,330,,,white
C-P09,text,44,205,,,!,36,#A52A2A
C-P09,text,44,255,,,El pago fue rechazado.,22,#18312F
C-P09,text,44,352,,,No se confirmó la compra.,16,#18312F
C-P09,text,44,376,,,Revisa o cambia tu billetera.,16,#18312F
C-P09,text,24,540,,,Selección: Vegetariano · S/ 5.00,16,#18312F
C-P09,rect,24,592,342,48,,,#176B50
C-P09,text,38,622,,,Revisar y reintentar,15,white
C-P09,rect,24,654,342,48,,,white
C-P09,text,38,684,,,Cancelar compra,15,#176B50
C-P10,rect,0,0,390,844,,,#F5F7F3
C-P10,rect,0,0,390,92,,,#18312F
C-P10,text,24,30,,,COMEDOR UNIVERSITARIO · DEMOSTRACIÓN,12,white
C-P10,text,24,65,,,Pago por confirmar,25,white
C-P10,text,24,120,,,Resultado pendiente,14,#50635F
C-P10,text,24,818,,,C-P10 · Datos referenciales · Sin cobros reales,12,#50635F
C-P10,rect,24,158,342,330,,,white
C-P10,text,44,205,,,i,36,#795600
C-P10,text,44,255,,,Aún no tenemos el,22,#18312F
C-P10,text,44,285,,,resultado.,22,#18312F
C-P10,text,44,352,,,Tu selección está conservada.,16,#18312F
C-P10,text,44,376,,,Consulta el estado antes de,16,#18312F
C-P10,text,44,400,,,intentar otro pago.,16,#18312F
C-P10,text,24,540,,,Selección: Vegetariano · S/ 5.00,16,#18312F
C-P10,rect,24,592,342,48,,,#176B50
C-P10,text,38,622,,,Consultar estado,15,white
C-P11,rect,0,0,390,844,,,#F5F7F3
C-P11,rect,0,0,390,92,,,#18312F
C-P11,text,24,30,,,COMEDOR UNIVERSITARIO · DEMOSTRACIÓN,12,white
C-P11,text,24,65,,,Ya tienes un ticket,25,white
C-P11,text,24,120,,,Compra registrada para hoy,14,#50635F
C-P11,text,24,818,,,C-P11 · Datos referenciales · Sin cobros reales,12,#50635F
C-P11,rect,24,158,342,330,,,white
C-P11,text,44,205,,,i,36,#795600
C-P11,text,44,255,,,Tu almuerzo ya está,22,#18312F
C-P11,text,44,285,,,comprado.,22,#18312F
C-P11,text,44,352,,,No necesitas comprar de nuevo.,16,#18312F
C-P11,text,44,376,,,Abre el ticket para presentarlo.,16,#18312F
C-P11,text,24,540,,,Selección: Vegetariano · S/ 5.00,16,#18312F
C-P11,rect,24,592,342,48,,,#176B50
C-P11,text,38,622,,,Ver mi ticket,15,white
C-P12,rect,0,0,390,844,,,#F5F7F3
C-P12,rect,0,0,390,92,,,#18312F
C-P12,text,24,30,,,COMEDOR UNIVERSITARIO · DEMOSTRACIÓN,12,white
C-P12,text,24,65,,,Sin conexión,25,white
C-P12,text,24,120,,,Conservamos tu operación,14,#50635F
C-P12,text,24,818,,,C-P12 · Datos referenciales · Sin cobros reales,12,#50635F
C-P12,rect,24,158,342,330,,,white
C-P12,text,44,205,,,!,36,#795600
C-P12,text,44,255,,,No pudimos consultar el,22,#18312F
C-P12,text,44,285,,,pago.,22,#18312F
C-P12,text,44,352,,,El resultado aún es desconocido.,16,#18312F
C-P12,text,44,376,,,"Cuando vuelva la conexión,",16,#18312F
C-P12,text,44,400,,,consulta la misma operación.,16,#18312F
C-P12,text,24,540,,,Selección: Vegetariano · S/ 5.00,16,#18312F
C-P12,rect,24,592,342,48,,,#176B50
C-P12,text,38,622,,,Reconectar y consultar,15,white
